en,ko,note
Unit,유닛,육해공·미사일을 모두 가리키므로 '부대' 대신
Facility,시설,
Region,지역,게임에서 국가 단위를 가리키는 말
Hex,헥스,
Map,지도,
Minister,장관,
Cabinet,내각,
Treasury,국고,
Research,연구,
Technology,기술,Tech 도 같음
Production,생산,
Trade,무역,
World Market,세계 시장,
Diplomacy,외교,
Diplomatic Offer,외교 제안,
Treaty,조약,
Alliance,동맹,
Formal Alliance,정식 동맹,
Mutual Defense,상호 방위,
Non Aggression Pact,불가침 조약,
Ceasefire,휴전,
Peace,평화,
Declare War,선전포고,
Embassy,대사관,
Free Trade,자유 무역,
Transit,통행,
Line of Sight,시야,
Intel,정보,Intelligence
Spy,첩보원,
Espionage,첩보,
Sabotage,파괴 공작,
Assassination,암살,
Counter Intel,방첩,
Casus Belli,전쟁 명분,
DEFCON,데프콘,
Domestic Approval,국내 지지율,
Military Approval,군 지지율,
Approval,지지율,
Opinion,여론,
GDP/c,1인당 GDP,
Inflation,인플레이션,
Unemployment,실업률,
Tax,세금,
Social Spending,사회 지출,
Health Care,보건,
Education,교육,
Infrastructure,인프라,
Environment,환경,
Family Subsidy,가족 수당,
Law Enforcement,치안,
Cultural Subsidy,문화 지원,
Social Assistance,사회 보장,
Bond,채권,
Debt,부채,
Credit Rating,신용 등급,
Loyalty,충성도,
Supply,보급,
Supplies,보급품,
Garrison,수비대,
Battle Group,전투단,Battlegroup
Battlezone,전투 구역,Battle Zone
Theater,전구,Theatre
Hotspot,핫스팟,
Nav Point,항법 지점,
Reserves,예비 전력,
Deploy,배치,
Fabrication,제조창,유닛을 만드는 시설
Complex,단지,Industrial Complex 산업 단지 / Military Complex 군사 단지 / Oceanic Complex 해양 단지
Urban Center,도심,
City,도시,
Town,마을,
Capital,수도,
Agriculture,농산물,자원 이름
Rubber,고무,
Timber,목재,
Petroleum,석유,
Coal,석탄,
Metal Ore,금속 광석,Ore 단독은 광석
Uranium,우라늄,
Electric Power,전력,Electricity
Consumer Goods,소비재,
Industry Goods,산업재,Industrial Goods
Military Goods,군수품,
Fresh Water,담수,
LAND,국토,부서 이름
RESOURCES,자원,부서 이름
FINANCE,재무,부서 이름
STATE,외교,부서 이름 (State Department)
DEFENSE,국방,부서 이름
COMMAND,지휘,부서 이름 (Operations)
Democracy,민주주의,
Monarchy,군주제,
Communism,공산주의,
Dictatorship,독재,
Theocracy,신정,
Colony,식민지,
Totalitarianism,전체주의,
Autocracy,전제 정치,
Infantry,보병,
Recon,정찰,
Tank,전차,
Anti-Tank,대전차,
Artillery,포병,
Air Defense,방공,
Transport,수송,
Helicopter,헬리콥터,
Missile,미사일,
Fighter,전투기,
Interceptor,요격기,
Bomber,폭격기,
Strategic Bomber,전략 폭격기,
Multi-Role,다목적기,
Submarine,잠수함,
Carrier,항공모함,
Destroyer,구축함,
Frigate,호위함,
Cruiser,순양함,
Engineer,공병,
Bridging,가교,
Move,이동,
Attack,공격,
Defend,방어,
Patrol,순찰,
Intercept,요격,
Escort,호위,
Bombard,포격,
Strike,타격,
Entrench,참호 구축,
Resupply,재보급,
Repair,수리,
Scrap,폐기,
Embark,승선,
Unload,하역,
Capture,점령,
Hold Position,위치 사수,
Merge,병합,
Split,분할,
Waypoint,경유지,
Upgrade,개량,
Refit,개장,
Plains,평원,
Rough,험지,
Coast,해안,
River,강,
Lake,호수,
Ocean,대양,
Impassible,통행 불가,
Hills,구릉,
Light Forest,옅은 숲,
Dense Forest,울창한 숲,
Jungle,정글,
Swamp,늪,
Desert,사막,
Mountain,산악,
Tundra,툰드라,
Rules of Engagement,교전 규칙,ROE
Initiative,재량권,장관·지휘관에게 맡기는 정도
Stealth,스텔스,
Spotting,탐지,
Range,사거리,
Strength,전력,
Efficiency,효율,
Morale,사기,
Experience,경험,
Fuel,연료,
Ammunition,탄약,
Casualties,사상자,
Soft Target,연성 표적,
Hard Target,경성 표적,
Close Combat,근접전,
Ground Attack,지상 공격,
Anti-Air,대공,
Anti-Ship,대함,
Anti-Sub,대잠,
Nuclear,핵,
Satellite,위성,
Radar,레이더,
Income,수익,Import(수입)와 구별
Expenses,지출,
Budget,예산,
Surplus,잉여,
Deficit,적자,
Import,수입,
Export,수출,
Demand,수요,
Stock,재고,
Subsidy,보조금,
Population,인구,
Immigration,이민 유입,
Emigration,이민 유출,
Tourism,관광,
Literacy,문해율,
Select,선택,
Show,표시,
Hide,숨기기,
Toggle,전환,
Build,건설,유닛은 '생산'
Remove,제거,
Cancel,취소,
Accept,수락,
Reject,거절,
Apply,적용,
Reset,초기화,
Save,저장,
Load,불러오기,
Delete,삭제,
Rename,이름 변경,
Zoom,확대/축소,
Filter,필터,
Lock,잠금,
Queue,대기열,
Overlay,오버레이,
Settings,설정,
Options,옵션,
Details,상세,
Previous,이전,
Next,다음,
Close,닫기,
Open,열기,
Send,보내기,
Help,도움말,
Pause,일시 정지,
Acknowledge,확인,
Player,플레이어,
Sandbox,샌드박스,
Scenario,시나리오,
Campaign,캠페인,
Tutorial,튜토리얼,
Multiplayer,멀티플레이,
Lobby,로비,
Difficulty,난이도,
Victory,승리,
Faction,진영,
Empire,제국,
Governor,총독,
Leader,지도자,
Opposition,야당,
Election,선거,
United Nations,유엔,
World Volatility,세계 불안정도,
Pandemic,팬데믹,
Space Race,우주 경쟁,
Galaxy,은하,
Planet,행성,
System,시스템,옵션 탭 등 일반적인 뜻. 항성계(Star System)일 때만 성계
Rally Point,집결지,
Task Force,기동부대,
Sphere of Influence,세력권,
Silo,사일로,
Launch Pad,발사대,
Fleet,함대,
Markup,마진,
Commodity,품목,
Sanctions,제재,
Security Council,안전보장이사회,
Emplacement,방어 진지,
Supply Depot,보급 창고,
Special Forces,특수부대,
Marines,해병대,
Airborne,공수부대,
Prerequisite,선행 기술,Prerequisite Technologies
Transfer,이관,유닛·시설을 넘길 때
Land (branch),지상,병과 구분(Land/Air/Naval = 지상/항공/해상). 부서 LAND 는 국토
Axis,추축국,
Allies,연합국,2차 대전 문맥. 일반적인 동맹국은 Allied
Pact of Steel,강철 조약,
Anti-Comintern Pact,방공 협정,
Tripartite Pact,3국 동맹 조약,
Lend Lease,무기 대여,
Wehrmacht,국방군,
Luftwaffe,독일 공군,
Merchant Marine,상선단,
Battalion,대대,
Squadron,비행대,
Expeditionary Force,원정군,
Build Capacity,생산 능력,
Titlebar,제목 표시줄,
Tooltip,툴팁,
Mini-map,미니맵,
Regional Atlas,지역 도감,
Electronic Warfare,전자전,
Fire Control,사격 통제,
Countermeasures,대응 수단,
Supreme Ruler,Supreme Ruler,게임 제목(Supreme Ruler 2030 등)은 번역하지 않는다. '세계의 지배자'라는 칭호로 쓰일 때만 최고 통치자
Central Powers,중앙 동맹국,
Entente,협상국,
USSR,소련,
Spaceport,우주항,
Orbital Station,궤도 정거장,
Cyber Attack,사이버 공격,
Motherland,조국,
Partisan,빨치산,
Supply Chain,보급망,
Autobuild,자동 생산,
Design,설계,유닛 설계
Platform,플랫폼,미사일 탑재 플랫폼
Launch,발사,
Target,표적,
Mission,임무,
Objective,목표,
Stance,태세,
Relations,관계,
Neutral,중립,
Allied,동맹국,
At War,교전 중,
Enemy,적,
Border,국경,
Territory,영토,
Liberate,해방,
Annex,합병,
Humanitarian Aid,인도적 지원,
Economic Aid,경제 지원,
Military Aid,군사 지원,
